customer_id,name,email,phone,city,join_date
CUST-10000,Samuel Tailor,tailorhemani@example.net,+910495529822,Dubai,2024-01-23
CUST-10001,Megha Thakur,rrege@example.com,+912185861941,Abu Dhabi,2024-08-08
CUST-10002,Girik Chana,wkalita@example.net,+912363870199,Sharjah,2024-12-22
CUST-10003,Parth Dara,dhargaurang@example.com,08423567044,Sharjah,2025-12-24
CUST-10004,Nisha Chadha,chanchal42@example.org,08957505899,Ajman,2025-04-05
CUST-10005,Aradhana Varkey,sanayapadmanabhan@example.com,+913060755954,Ajman,2024-11-20
CUST-10006,Qarin Kalita,ibedi@example.com,8590609378,Dubai,2025-11-04
CUST-10007,Rehaan Kulkarni,umangahuja@example.com,01599917289,Sharjah,2024-01-14
CUST-10008,Nirja Ghosh,dayalatharv@example.org,08362161821,Ajman,2025-04-22
CUST-10009,Sathvik Walla,yamini96@example.org,+916348303484,Dubai,2024-05-16
CUST-10010,Hardik Bhardwaj,saininihal@example.com,0844092427,Sharjah,2024-07-18
CUST-10011,Harish Kunda,shivansh58@example.net,+913566143807,Dubai,2025-05-20
CUST-10012,Ucchal Chander,aradhakrishnan@example.org,08036584824,Ajman,2024-11-11
CUST-10013,Riya Padmanabhan,wdeshpande@example.com,02396374160,Ajman,2025-04-24
CUST-10014,George Wable,agandhi@example.org,01622879600,Dubai,2024-02-09
CUST-10015,Pahal Yohannan,advaithgaba@example.com,+913945150499,Sharjah,2024-12-24
CUST-10016,Aarnav Madan,wsrivastava@example.org,7662157313,Ajman,2024-06-23
CUST-10017,Ria Sarin,abhimanyu95@example.org,+910082007634,Ajman,2024-03-28
CUST-10018,Sanaya Chaudhry,lwalia@example.com,+919509858231,Dubai,2025-11-15
CUST-10019,Mitesh Das,wriddhishbatra@example.org,+911651973323,Abu Dhabi,2025-11-12
CUST-10020,Andrew Ram,harinakshigarde@example.org,2719787586,Sharjah,2025-06-01
CUST-10021,Bishakha Sachar,pathaktriya@example.com,2758975714,Sharjah,2024-03-23
CUST-10022,Yashoda Chaudhary,fprasad@example.com,00890318561,Sharjah,2024-01-27
CUST-10023,Madhavi Venkataraman,varmaodika@example.org,9036062604,Sharjah,2024-07-05
CUST-10024,Forum Narasimhan,zayanbhakta@example.org,2172636406,Abu Dhabi,2025-04-13
CUST-10025,Shravya Saran,darika85@example.net,00713118195,Sharjah,2024-03-22
CUST-10026,Chakradev Kuruvilla,uwable@example.com,+917984113598,Sharjah,2025-08-12
CUST-10027,David Parikh,ramakrishnandhriti@example.org,02656332906,Abu Dhabi,2025-04-05
CUST-10028,Oliver Srinivas,lakshmi68@example.net,+916184937643,Sharjah,2024-09-01
CUST-10029,Hemang Apte,yashsridhar@example.net,0735439056,Sharjah,2025-07-20
CUST-10030,Sanya Raju,mandaahana@example.org,08757938096,Sharjah,2025-12-09
CUST-10031,Dakshesh Tara,pallavi30@example.org,1156788431,Abu Dhabi,2024-05-01
CUST-10032,Vinaya Yohannan,charita92@example.com,7423824893,Abu Dhabi,2024-08-20
CUST-10033,Upkaar Hegde,narangqabil@example.org,07634766231,Dubai,2025-09-08
CUST-10034,Wyatt Narula,mitaldamini@example.net,+914237854426,Sharjah,2024-03-26
CUST-10035,Janya Mann,jacob25@example.com,9272965697,Abu Dhabi,2024-09-02
CUST-10036,Gaurav Magar,balakrishnanhemal@example.com,2123584519,Sharjah,2024-12-29
CUST-10037,Shaurya Pillai,mukhopadhyaydivya@example.net,03283275366,Dubai,2024-12-07
CUST-10038,Viraj Gill,jhasamaksh@example.org,05597496507,Dubai,2024-04-28
CUST-10039,Yasti Majumdar,kulkarniwriddhish@example.org,1801846492,Sharjah,2025-10-23
CUST-10040,Onkar Oza,omkaarkulkarni@example.org,06895877746,Ajman,2025-03-04
CUST-10041,Kai Dhar,odesai@example.net,+917339775035,Abu Dhabi,2024-09-14
CUST-10042,Ethan Bhat,dharriya@example.net,+914667686520,Abu Dhabi,2025-09-29
CUST-10043,Ayushman Brahmbhatt,lwalla@example.com,+911436845630,Dubai,2025-08-07
CUST-10044,Abhimanyu Parikh,varenyarattan@example.net,7458423971,Sharjah,2024-08-31
CUST-10045,Mitesh Ramakrishnan,vinaya24@example.com,+916100302021,Ajman,2024-08-02
CUST-10046,Bhavya Dhingra,tbanik@example.net,00285440200,Dubai,2025-05-11
CUST-10047,Harish Bhandari,dharkeya@example.org,1170631582,Dubai,2024-09-01
CUST-10048,Indali Sami,tanmayideep@example.com,0979697163,Sharjah,2024-12-24
CUST-10049,Onkar Sethi,lopa27@example.com,+911693517544,Ajman,2025-03-25
CUST-10050,Waida Shankar,arya62@example.org,00233954652,Dubai,2024-10-09
CUST-10051,Ishani Sampath,guptaqarin@example.com,7594250610,Ajman,2025-06-01
CUST-10052,Harrison Dora,isaac82@example.net,2961265868,Ajman,2024-01-23
CUST-10053,Saanvi Issac,sakshammanda@example.com,01899151053,Abu Dhabi,2024-05-01
CUST-10054,Urvashi Das,divananvi@example.org,+912640165971,Sharjah,2024-03-13
CUST-10055,Pallavi Mani,sanaya78@example.org,09006868699,Dubai,2025-01-04
CUST-10056,Anita Tak,dhingrachandresh@example.org,+919605351566,Ajman,2026-01-06
CUST-10057,Aayush Warrior,oliver56@example.net,1889471167,Ajman,2024-10-15
CUST-10058,Imaran Panchal,mram@example.org,+910756678189,Ajman,2024-03-18
CUST-10059,Hemangini Varty,balquincy@example.com,0690524004,Ajman,2024-09-05
CUST-10060,Hemani Warrior,ramsudiksha@example.com,+919366399152,Dubai,2024-04-13
CUST-10061,Damini Baria,megha07@example.net,03754714853,Sharjah,2025-12-03
CUST-10062,Frederick Choudhry,unnatimisra@example.com,03721642143,Sharjah,2024-03-02
CUST-10063,Hiral Dhillon,bhavinisampath@example.net,+918669698959,Ajman,2024-02-20
CUST-10064,Mitali Narayanan,adya41@example.net,04577597677,Dubai,2025-01-16
CUST-10065,Shravya Kothari,bailsaanvi@example.org,04412146540,Abu Dhabi,2024-09-03
CUST-10066,Omaja Kata,umahajan@example.org,9030988216,Abu Dhabi,2024-03-05
CUST-10067,Xalak Raju,chavvi65@example.net,03622986206,Abu Dhabi,2026-01-02
CUST-10068,Bhanumati Bandi,jagatsawhney@example.com,+917107758992,Abu Dhabi,2025-03-30
CUST-10069,Zayan Hora,samawakeeta@example.net,+917047702997,Sharjah,2024-03-18
CUST-10070,Gopal Kala,girishkurian@example.com,6918375684,Abu Dhabi,2025-04-18
CUST-10071,Tripti Ranganathan,veer23@example.com,+913926320016,Abu Dhabi,2024-04-11
CUST-10072,Samarth Sathe,qadim15@example.net,02273096288,Ajman,2024-08-27
CUST-10073,Raksha Bhavsar,ekanta10@example.net,+910889586905,Ajman,2024-10-16
CUST-10074,Mohini Wable,baghyawatisathe@example.org,9500995395,Ajman,2025-07-05
CUST-10075,Jack Majumdar,sarrafraksha@example.org,7849136256,Abu Dhabi,2025-10-23
CUST-10076,Veer Toor,christopheryadav@example.org,01179847938,Abu Dhabi,2025-06-23
CUST-10077,Charita Chauhan,baghyawatidas@example.com,9862566669,Sharjah,2024-03-09
CUST-10078,Kalpit Sama,apteanusha@example.org,+919602363647,Abu Dhabi,2024-03-16
CUST-10079,Ishita Varty,uoak@example.org,+913944258756,Abu Dhabi,2025-01-30
CUST-10080,Warhi Warrior,bathyutika@example.org,5096046402,Abu Dhabi,2024-06-28
CUST-10081,Samar Varkey,sandalaachal@example.net,+918731167275,Dubai,2025-10-24
CUST-10082,Amaira Badami,zsarraf@example.com,07942384377,Sharjah,2025-08-14
CUST-10083,Rachit Sem,ekarpe@example.net,00502374244,Abu Dhabi,2024-12-03
CUST-10084,Unni Datta,tsane@example.org,03615755165,Sharjah,2024-05-03
CUST-10085,Warda Behl,kmangat@example.org,03675766511,Ajman,2025-08-30
CUST-10086,Amruta Ravel,zashil49@example.org,+915730226805,Sharjah,2025-03-02
CUST-10087,Rachana Narang,yash24@example.net,+916445891798,Abu Dhabi,2025-02-01
CUST-10088,Harsh Dasgupta,kandaaishani@example.com,5964370378,Ajman,2025-07-05
CUST-10089,Ridhi Mangat,damini37@example.net,00343681168,Sharjah,2025-08-22
CUST-10090,Upasna Sawhney,ria92@example.com,+912876144655,Abu Dhabi,2025-05-29
CUST-10091,Vihaan Ben,anjali44@example.com,+913327279362,Ajman,2025-04-13
CUST-10092,Prisha Sule,yashica27@example.com,8992919337,Abu Dhabi,2024-10-12
CUST-10093,Ijaya Parmer,ymohanty@example.com,+916594595164,Sharjah,2024-06-16
CUST-10094,Christopher Madan,halderjalsa@example.net,+917040909620,Sharjah,2025-01-14
CUST-10095,Chaitanya Rai,owenkadakia@example.org,4952297694,Ajman,2024-10-01
CUST-10096,Gaurangi Sami,siddharthsuresh@example.org,+915483709504,Ajman,2024-08-21
CUST-10097,Andrew Prashad,thakkarpooja@example.org,+918643688398,Dubai,2024-11-09
CUST-10098,Hamsini Dugar,charan26@example.net,+910662307618,Ajman,2024-03-18
CUST-10099,Brijesh Nadkarni,ekani83@example.org,+915394463293,Ajman,2025-07-12
CUST-10100,Thomas D’Alia,nreddy@example.com,0026987359,Ajman,2024-08-14
CUST-10101,Dhruv Savant,qpal@example.org,06417660026,Sharjah,2024-01-24
CUST-10102,Gaurang Madan,ipandit@example.org,1254801732,Ajman,2024-12-13
CUST-10103,Amaira Maharaj,usrinivas@example.net,08690387816,Sharjah,2024-04-16
CUST-10104,Alexander Muni,sethiladli@example.net,06465632475,Dubai,2025-03-31
CUST-10105,Mohammed Chad,jackbora@example.net,+916434151888,Abu Dhabi,2024-10-04
CUST-10106,Pallavi Shroff,barkha47@example.com,+917128166539,Dubai,2025-11-30
CUST-10107,Lajita Lad,dubesaumya@example.net,03634537171,Ajman,2024-06-14
CUST-10108,Chatura Gade,jwalla@example.net,2308432045,Sharjah,2024-04-10
CUST-10109,Aishani Mand,dubearya@example.com,04382485886,Ajman,2024-08-08
CUST-10110,Nikita Hans,charanhalder@example.org,6485786891,Abu Dhabi,2024-05-10
CUST-10111,Brinda Sinha,hritik63@example.org,00953298447,Abu Dhabi,2025-02-19
CUST-10112,Isaiah Misra,zchoudhary@example.net,+914581814434,Sharjah,2024-01-17
CUST-10113,Luke Dasgupta,moraromisha@example.org,07521555321,Dubai,2024-08-19
CUST-10114,Bhanumati Pillai,farajpandya@example.com,05156171370,Abu Dhabi,2024-07-04
CUST-10115,Gavin Shroff,bajajumang@example.net,1777815281,Ajman,2025-06-20
CUST-10116,Ridhi Kulkarni,niharika85@example.net,+917504985064,Sharjah,2024-06-16
CUST-10117,Inaya Tara,apteishanvi@example.org,+914175724011,Sharjah,2024-06-30
CUST-10118,Chaitaly Baral,dprasad@example.org,+910927715577,Ajman,2025-02-08
CUST-10119,Naksh Gade,ddevan@example.org,00405579143,Dubai,2025-06-07
CUST-10120,Nikita Vala,lohit83@example.com,+913423154131,Sharjah,2024-04-26
CUST-10121,Aachal Sood,ramaabeer@example.org,03209222591,Abu Dhabi,2025-10-02
CUST-10122,Patrick Murthy,ethanmallick@example.org,2959966324,Ajman,2024-04-29
CUST-10123,Samaksh Dara,isaiah43@example.com,00147198515,Dubai,2025-05-19
CUST-10124,Henry Choudhary,duttazarna@example.net,+912795088562,Abu Dhabi,2025-11-17
CUST-10125,Kevin Bahl,yashica45@example.net,8219796268,Abu Dhabi,2025-04-24
CUST-10126,Fiyaz Bains,chanchal91@example.org,05079413125,Abu Dhabi,2025-03-05
CUST-10127,Udarsh Chaudhari,inadig@example.org,03911959937,Ajman,2024-04-18
CUST-10128,Udarsh Jain,radha69@example.org,+915760322542,Sharjah,2024-08-01
CUST-10129,Isaac Menon,yastizacharia@example.org,+914977876914,Abu Dhabi,2025-09-27
CUST-10130,Krishna Luthra,akshay65@example.net,6731029333,Dubai,2025-11-18
CUST-10131,Umang Aurora,michael89@example.net,0973952873,Abu Dhabi,2025-04-12
CUST-10132,Urvi Deol,suraayaan@example.net,09118619890,Dubai,2024-07-18
CUST-10133,Akshay Wason,oaggarwal@example.org,07583808998,Sharjah,2025-01-17
CUST-10134,Sudiksha Dayal,agastya21@example.com,09970190814,Ajman,2025-11-08
CUST-10135,Parth Parsa,hwalla@example.com,07791358336,Ajman,2025-04-20
CUST-10136,Leena Sahni,sankarbhavani@example.com,+917561017931,Dubai,2025-03-06
CUST-10137,Hamsini Karpe,ydhar@example.com,+917650101577,Ajman,2024-09-27
CUST-10138,Bina Solanki,rajagopalsai@example.net,7347557487,Dubai,2025-03-31
CUST-10139,Varenya Muni,siya51@example.org,+917067580130,Sharjah,2024-09-10
CUST-10140,Nandini Chandra,aryaaishani@example.org,09258612050,Ajman,2025-02-25
CUST-10141,Chanchal Mahal,draju@example.org,6441029004,Abu Dhabi,2025-10-30
CUST-10142,Shravya Shroff,sharmayamini@example.org,07664844495,Dubai,2025-11-26
CUST-10143,Yauvani Dara,finn08@example.net,9827275258,Ajman,2025-01-13
CUST-10144,Dhruv Rau,garora@example.net,+914564806871,Ajman,2024-04-16
CUST-10145,Anay Patla,xkunda@example.net,+918675534145,Sharjah,2025-02-17
CUST-10146,Chakradev Tandon,darzaitra@example.net,+913683476044,Ajman,2025-11-17
CUST-10147,Manya Kapadia,amrutabhargava@example.com,+912300912833,Dubai,2025-03-17
CUST-10148,Tanay Taneja,trastogi@example.com,09878087482,Abu Dhabi,2025-03-13
CUST-10149,Yoshita Bahri,ekansh68@example.net,5198719504,Sharjah,2025-05-12
CUST-10150,Qabil Raman,mistrynilima@example.com,+919612161117,Dubai,2024-10-08
CUST-10151,Ryan Mall,chanadiya@example.com,+915762789532,Dubai,2025-12-30
CUST-10152,Aashi Mani,rsolanki@example.com,9539133697,Ajman,2025-07-04
CUST-10153,Avi Menon,baniknisha@example.com,3760969276,Sharjah,2024-06-14
CUST-10154,Chameli Shan,diptakrishna@example.com,01001857061,Ajman,2024-04-29
CUST-10155,Gunbir Magar,masoniyer@example.net,05896927766,Abu Dhabi,2024-07-07
CUST-10156,Naveen Dua,qhanda@example.com,5910172908,Dubai,2025-05-31
CUST-10157,Veda Panchal,rsha@example.com,+918719786686,Sharjah,2024-11-25
CUST-10158,Jairaj Krishnamurthy,bajajhemani@example.com,06243573269,Ajman,2025-11-06
CUST-10159,Rushil Bir,jagvi97@example.com,05455359612,Sharjah,2024-10-05
CUST-10160,Yashodhara Kakar,wadhwaprisha@example.org,06387179070,Sharjah,2025-08-13
CUST-10161,Om Modi,panchalzayan@example.com,7223821626,Ajman,2025-09-24
CUST-10162,Saksham Nagarajan,krishnawarinder@example.com,5680137726,Abu Dhabi,2025-06-02
CUST-10163,Ekta Mukhopadhyay,chakrika85@example.org,+910131208124,Ajman,2024-05-28
CUST-10164,Radhika Reddy,fkalita@example.com,04913222084,Ajman,2024-02-17
CUST-10165,Gunbir Garg,harshsangha@example.com,2816636203,Dubai,2024-08-25
CUST-10166,Ekanta Singhal,vrittiben@example.com,1510908652,Abu Dhabi,2025-12-09
CUST-10167,Nikita Naik,chandanipal@example.org,05831471297,Dubai,2025-03-27
CUST-10168,Kamala Chacko,gdua@example.net,+918659739496,Ajman,2024-03-29
CUST-10169,Yochana Palla,harsh88@example.com,+916860556833,Ajman,2024-06-27
CUST-10170,Jagvi Deol,odas@example.org,6862710865,Dubai,2025-01-09
CUST-10171,Yatan Jain,senguptaavni@example.org,00303954179,Abu Dhabi,2025-10-15
CUST-10172,Ekaja Nair,chamelioza@example.org,4839347834,Sharjah,2024-06-27
CUST-10173,Quincy Purohit,azadsavant@example.com,+916813473104,Sharjah,2025-01-01
CUST-10174,Osha Borah,adityanair@example.org,4756048648,Abu Dhabi,2024-05-15
CUST-10175,Ojasvi Ahluwalia,hkoshy@example.org,+916009577534,Dubai,2024-12-24
CUST-10176,Chavvi Chand,ekarajnarasimhan@example.net,05236926415,Abu Dhabi,2025-07-16
CUST-10177,Avi Hans,cramesh@example.org,+916728590336,Dubai,2024-08-22
CUST-10178,Gavin Kunda,janakichakraborty@example.com,1689553680,Ajman,2025-08-04
CUST-10179,Logan Lalla,regetanvi@example.com,01047378021,Sharjah,2024-09-13
CUST-10180,Jackson Karnik,sharmasai@example.org,6821175624,Dubai,2026-01-09
CUST-10181,Eta Ahuja,laksh93@example.com,5190112398,Dubai,2025-11-16
CUST-10182,Christopher Bedi,rameshzinal@example.net,+912899645251,Abu Dhabi,2024-06-30
CUST-10183,Girik Dube,hemang48@example.com,03304154861,Dubai,2025-05-15
CUST-10184,Devika Kapoor,avig@example.com,02646242430,Ajman,2024-12-24
CUST-10185,Janani Pillay,senguptaaradhana@example.org,+916965411894,Ajman,2024-01-19
CUST-10186,Samuel Rastogi,samesh44@example.com,07839000946,Ajman,2025-06-11
CUST-10187,Nathan Chandra,tristan07@example.org,9438723432,Sharjah,2024-05-16
CUST-10188,Lipika Sekhon,paibrijesh@example.org,7789713539,Abu Dhabi,2025-12-26
CUST-10189,Varenya Balan,battaurvi@example.net,0915097353,Ajman,2024-03-20
CUST-10190,Zashil Devi,upkaar95@example.org,+918325316564,Abu Dhabi,2025-09-17
CUST-10191,Kavya Sur,lilagrewal@example.com,3922778729,Abu Dhabi,2024-11-24
CUST-10192,Rajata Nath,siyakota@example.com,+918981012953,Sharjah,2024-06-28
CUST-10193,Xiti Lall,prabhakaryashica@example.net,01180086197,Ajman,2024-11-08
CUST-10194,Mekhala Lala,dominicmistry@example.org,09565686843,Ajman,2024-10-30
CUST-10195,Dominic Dyal,radhika19@example.com,04699009685,Abu Dhabi,2024-02-28
CUST-10196,Bimala Panchal,rajubalvan@example.org,06416887599,Dubai,2025-08-07
CUST-10197,Pranit Chacko,kothariviraj@example.net,05985394494,Abu Dhabi,2024-05-27
CUST-10198,Daksha Swaminathan,tanvi59@example.com,04988959810,Sharjah,2024-10-01
CUST-10199,Utkarsh Sane,lohitbali@example.org,8473811330,Abu Dhabi,2024-04-05
CUST-10200,Finn Deep,miteshkrish@example.org,+918214200476,Sharjah,2025-03-04
CUST-10201,Advaith Ravel,vasatika32@example.net,2149428689,Abu Dhabi,2025-09-08
CUST-10202,Harsh Vyas,anirudhgill@example.net,06460958657,Dubai,2025-06-20
CUST-10203,Yatin Kar,bandinidra@example.net,1248040275,Ajman,2025-09-26
CUST-10204,Pratyush Brar,inayanazareth@example.com,08555120789,Dubai,2025-01-20
CUST-10205,Daksh Pathak,rastogidaniel@example.org,+916963499962,Dubai,2024-01-25
CUST-10206,Tripti Rama,nishadey@example.com,00105714767,Dubai,2024-11-29
CUST-10207,Sneha Walia,vmaharaj@example.net,9700363979,Sharjah,2024-01-28
CUST-10208,Oscar Sinha,rkaur@example.net,8207968899,Dubai,2025-01-20
CUST-10209,Azad Bajaj,mparmar@example.net,+915965403706,Dubai,2025-08-09
CUST-10210,Oliver Shah,babujasmit@example.com,02439490544,Sharjah,2024-01-11
CUST-10211,Samuel Choudhry,xrajagopal@example.org,08449443634,Abu Dhabi,2025-10-30
CUST-10212,Hiral Natarajan,gaurika50@example.net,2254249087,Dubai,2024-11-21
CUST-10213,Jagdish Contractor,shaurya31@example.net,03638614002,Dubai,2025-05-02
CUST-10214,Abhiram Misra,seshadrigeorge@example.com,8931040426,Abu Dhabi,2024-06-07
CUST-10215,Karan Subramanian,gnatarajan@example.com,06478135160,Ajman,2025-10-11
CUST-10216,Aarnav Kuruvilla,farhannori@example.org,+915082089960,Abu Dhabi,2025-11-20
CUST-10217,Amruta Uppal,gbains@example.org,+913576308661,Dubai,2024-08-27
CUST-10218,Gautami Vyas,vbhargava@example.com,01455842706,Dubai,2024-12-10
CUST-10219,Charvi Pradhan,henry19@example.net,7404388753,Dubai,2024-12-24
CUST-10220,Vihaan Pingle,nehadoshi@example.net,00197678027,Sharjah,2025-10-25
CUST-10221,Isaiah Shanker,venkateshonveer@example.org,+915650593127,Dubai,2024-09-10
CUST-10222,Yashasvi Iyer,ichatterjee@example.net,02489485011,Ajman,2024-04-02
CUST-10223,Yauvani Sawhney,varshabedi@example.net,+916860636097,Sharjah,2025-11-03
CUST-10224,Aishani Khurana,rushil61@example.net,+919788095325,Abu Dhabi,2025-07-16
CUST-10225,Abeer Babu,odhar@example.net,+919854799581,Dubai,2025-11-07
CUST-10226,Yadavi Sinha,fsachar@example.com,07953739092,Ajman,2025-09-19
CUST-10227,Jagdish Sinha,garimaagrawal@example.com,4910060275,Dubai,2025-05-14
CUST-10228,Harita Sastry,prishabadami@example.net,+911723844818,Sharjah,2025-06-21
CUST-10229,Yashica Varkey,dashhitesh@example.org,1494705729,Dubai,2025-10-29
CUST-10230,Devansh Chand,wakeeta38@example.org,05450021782,Sharjah,2024-02-04
CUST-10231,Ganga Nair,xgour@example.org,4898090531,Ajman,2025-01-07
CUST-10232,Karan Palla,logan24@example.org,4349402822,Sharjah,2025-07-11
CUST-10233,Vasana Babu,balveervyas@example.org,3779749216,Ajman,2024-11-16
CUST-10234,Chameli Raja,faqidsethi@example.org,09232798951,Ajman,2024-02-09
CUST-10235,Sudiksha Sama,indiradas@example.com,01873398929,Dubai,2025-02-11
CUST-10236,Lakshmi Basu,barmannoah@example.com,07026520100,Sharjah,2024-04-24
CUST-10237,Bachittar Bir,christopherthakur@example.com,+912148184338,Dubai,2025-05-07
CUST-10238,Nandini Saha,fitan05@example.net,1527006764,Ajman,2025-05-31
CUST-10239,Ekantika Patla,egarde@example.org,01735846348,Ajman,2025-05-31
CUST-10240,Baghyawati Palan,kjoshi@example.com,09901064223,Ajman,2025-08-16
CUST-10241,Advika Saraf,daksheshnaidu@example.com,+915284094590,Abu Dhabi,2025-08-27
CUST-10242,Zayyan Master,kamala70@example.net,9861528958,Abu Dhabi,2025-08-21
CUST-10243,Jyoti Choudhury,bshankar@example.com,00112525359,Sharjah,2024-03-31
CUST-10244,Vrinda Lad,varsha79@example.org,6965122734,Abu Dhabi,2025-10-22
CUST-10245,Aryan Thakur,rajeshri58@example.org,7336118270,Dubai,2024-01-18
CUST-10246,Vedant Rastogi,yashawini63@example.com,01509646142,Sharjah,2024-05-29
CUST-10247,Dev Rama,knatt@example.com,+918333574031,Sharjah,2025-08-08
CUST-10248,Charan Grewal,yohannanoviya@example.com,3006264475,Dubai,2025-05-29
CUST-10249,Sanaya Sule,samarthpai@example.net,5132872444,Abu Dhabi,2025-10-30
CUST-10250,Netra Madan,muniranveer@example.com,04651171800,Dubai,2025-04-09
CUST-10251,Jeet Natt,mahluwalia@example.org,+914525218608,Dubai,2025-11-23
CUST-10252,Dipta Anand,cyogi@example.net,+910589279479,Sharjah,2024-11-01
CUST-10253,Kavya Chatterjee,ybhat@example.org,08824341134,Abu Dhabi,2025-03-09
CUST-10254,Rachana Hayre,uppalethan@example.com,6068645634,Abu Dhabi,2024-03-07
CUST-10255,Lucky Mander,ekalingapathak@example.com,07522326732,Ajman,2025-10-07
CUST-10256,Prisha Dey,widishasachdev@example.org,+912314144596,Abu Dhabi,2024-04-28
CUST-10257,Warhi Nayak,tarapillai@example.com,09249201567,Ajman,2025-08-28
CUST-10258,Nitara Hans,uganesh@example.org,03594140758,Dubai,2024-11-10
CUST-10259,Zilmil Warrior,darika23@example.org,+910639585536,Sharjah,2025-04-02
CUST-10260,Udyati Deshmukh,kkashyap@example.org,+912525590038,Ajman,2025-08-17
CUST-10261,Lakshmi Mannan,jayaramanfiyaz@example.net,06248246409,Dubai,2024-07-25
CUST-10262,Arjun Prakash,aadhya19@example.org,3225859939,Ajman,2025-03-27
CUST-10263,Chanchal Trivedi,maanasbehl@example.org,0982073335,Ajman,2025-10-07
CUST-10264,Wakeeta Dada,harita13@example.com,+911601346585,Sharjah,2024-01-29
CUST-10265,Aarush Bera,kadesuhani@example.com,+913169740767,Sharjah,2024-07-11
CUST-10266,Fitan Dutta,baljiwan97@example.org,+919880584976,Abu Dhabi,2025-06-16
CUST-10267,Vidhi Dar,nachiketdhillon@example.com,+917534338977,Ajman,2024-07-27
CUST-10268,Qabil Chandran,chandranharshil@example.net,03490269275,Abu Dhabi,2024-10-27
CUST-10269,Rachita Mander,sbhatti@example.net,+912418818929,Abu Dhabi,2025-11-02
CUST-10270,Jhalak Pal,jlalla@example.com,08825756689,Sharjah,2025-01-20
CUST-10271,Rayaan Kurian,fmangal@example.net,+915654246997,Dubai,2024-10-06
CUST-10272,Xavier Karan,rajata59@example.net,05114929294,Sharjah,2025-03-03
CUST-10273,Ekanta Devi,garima16@example.net,04807933843,Ajman,2024-01-24
CUST-10274,Aashi Patel,gautamikari@example.net,01105362946,Sharjah,2024-09-22
CUST-10275,Shivansh Char,csinha@example.com,06348660904,Dubai,2024-12-05
CUST-10276,Chakradhar Sangha,vasabenjamin@example.net,+910993464374,Sharjah,2025-09-07
CUST-10277,Ekantika Venkatesh,charangrover@example.net,3137076659,Dubai,2024-09-24
CUST-10278,Hardik Sabharwal,nazarethpahal@example.com,02687670582,Abu Dhabi,2024-11-07
CUST-10279,Omkaar Oak,ekalingadugar@example.org,+916095927825,Ajman,2025-06-17
CUST-10280,Aayush Ratta,sidhunimrat@example.org,+916490752419,Ajman,2024-11-21
CUST-10281,Chameli Pai,wridesh22@example.com,5278937306,Ajman,2025-04-30
CUST-10282,Brijesh Savant,vedasem@example.com,+915389864578,Ajman,2025-07-13
CUST-10283,Wahab Suresh,warhimanne@example.net,+913227221531,Ajman,2025-07-15
CUST-10284,Triya Shah,zcontractor@example.net,+919311317538,Abu Dhabi,2025-01-31
CUST-10285,Pushti Amble,oscarbal@example.com,6856431965,Abu Dhabi,2025-03-01
CUST-10286,Amrita Ranganathan,rkakar@example.com,9506978256,Ajman,2024-09-17
CUST-10287,Champak Choudhury,pchad@example.net,00508611812,Ajman,2025-08-26
CUST-10288,Warinder Sastry,chowdhuryvarenya@example.org,08686974310,Abu Dhabi,2024-03-20
CUST-10289,Girish Mammen,divyarao@example.org,01941719680,Sharjah,2025-12-12
CUST-10290,Balvan Bera,ekiya90@example.com,06126342408,Sharjah,2025-12-08
CUST-10291,Bachittar Wable,damini83@example.org,08282790196,Abu Dhabi,2024-10-10
CUST-10292,Vedhika Jhaveri,dugarrajeshri@example.org,01982303295,Abu Dhabi,2024-02-13
CUST-10293,Osha Lall,xavierkhare@example.org,8572522638,Sharjah,2025-04-11
CUST-10294,Eshana Magar,dayita69@example.net,09202745078,Abu Dhabi,2024-01-15
CUST-10295,Lajita Din,avni89@example.org,+918359843982,Sharjah,2024-08-26
CUST-10296,Falan Brar,parekhdarika@example.org,01821405522,Sharjah,2024-04-24
CUST-10297,Oliver Ramachandran,aarushkoshy@example.org,08381833904,Abu Dhabi,2025-11-13
CUST-10298,Nirja Ahuja,ladshivani@example.net,7511275495,Abu Dhabi,2025-11-30
CUST-10299,Aayush Badal,golaxavier@example.org,04219352913,Sharjah,2025-06-09
CUST-10300,Aradhana Wali,jbedi@example.org,06075367562,Abu Dhabi,2024-07-09
CUST-10301,Bina Dalal,hayerwyatt@example.org,4368065937,Sharjah,2025-01-30
CUST-10302,Sanya Warrior,dattanathaniel@example.com,+910151708799,Abu Dhabi,2024-09-27
CUST-10303,Eshana Hans,dsuri@example.net,+913751929153,Dubai,2024-07-14
CUST-10304,Akshay Sur,maanas77@example.net,+913101812555,Dubai,2024-07-25
CUST-10305,Omisha Narula,nparmar@example.com,+914933784527,Abu Dhabi,2025-08-27
CUST-10306,Madhavi Pillay,buchraghav@example.net,04621608297,Ajman,2024-07-11
CUST-10307,Yagnesh Vasa,walireyansh@example.net,+914358683305,Sharjah,2025-03-28
CUST-10308,Ekapad Bal,kapurharini@example.net,06723562237,Sharjah,2025-05-30
CUST-10309,Anthony Pathak,lopakothari@example.org,04666626862,Sharjah,2025-04-24
CUST-10310,Adweta Kale,ykashyap@example.com,09158725204,Abu Dhabi,2024-03-31
CUST-10311,Yochana Magar,samraaarush@example.com,5175291971,Ajman,2024-03-08
CUST-10312,Upasna Palan,bhattacharyyavasatika@example.org,04183302470,Abu Dhabi,2025-08-10
CUST-10313,Vincent Kumar,chawlatamanna@example.com,01907105177,Sharjah,2024-04-07
CUST-10314,Jatin Wali,balameghana@example.org,05150136210,Abu Dhabi,2024-10-01
CUST-10315,Reyansh Dara,sachiparmer@example.org,03513930010,Dubai,2025-06-19
CUST-10316,Bachittar Dora,vbaral@example.org,3765290682,Sharjah,2025-01-29
CUST-10317,Raghav Kashyap,sshan@example.com,2899481766,Ajman,2025-12-05
CUST-10318,Aayush Bahl,ranveerkhatri@example.net,02574700446,Ajman,2024-05-31
CUST-10319,Hemangini Goswami,boranihal@example.net,7057268851,Abu Dhabi,2025-09-22
CUST-10320,Rayaan Tella,tejas83@example.com,7721804886,Abu Dhabi,2024-07-11
CUST-10321,Finn Dhillon,muniqushi@example.net,+918205023343,Abu Dhabi,2024-11-30
CUST-10322,Yashvi Kaur,nandinibalay@example.net,+915489525774,Sharjah,2024-06-30
CUST-10323,Anita Barman,ekantadeo@example.com,02481599141,Dubai,2025-06-02
CUST-10324,Isaiah Pal,deepa18@example.com,5021343632,Abu Dhabi,2024-12-31
CUST-10325,Vasudha Rama,chatterjeepeter@example.org,9292828156,Abu Dhabi,2025-03-15
CUST-10326,Shivansh Keer,falgunivohra@example.net,1684872057,Ajman,2024-11-12
CUST-10327,Nikita Chandra,gaurisant@example.org,2251912148,Ajman,2024-05-15
CUST-10328,Pranav Dutta,laksh67@example.org,0212167620,Dubai,2024-02-07
CUST-10329,Harrison Chacko,lbala@example.com,+915217008252,Ajman,2025-09-24
CUST-10330,Triveni Sami,nishamishra@example.com,+911178349462,Ajman,2024-05-19
CUST-10331,Noah Nayar,chanchaljayaraman@example.net,05795182633,Dubai,2025-08-16
CUST-10332,Gavin Sahota,pbose@example.org,03572332513,Ajman,2025-01-29
CUST-10333,Balvan Ahluwalia,chaitaly20@example.org,+917369280245,Abu Dhabi,2024-09-06
CUST-10334,Janani Choudhury,batrabrijesh@example.net,04670662090,Sharjah,2024-05-10
CUST-10335,Rajata Chaudhari,narayananadweta@example.org,02349149421,Sharjah,2025-08-14
CUST-10336,Yashvi Walla,jeevikashenoy@example.net,2640898255,Abu Dhabi,2025-03-04
CUST-10337,Ishita Dhillon,deepasolanki@example.net,+919884728147,Dubai,2024-10-21
CUST-10338,Diya Chacko,atella@example.net,+914440457749,Ajman,2025-08-18
CUST-10339,Chanakya Mane,ykar@example.org,+910100529558,Abu Dhabi,2025-01-06
CUST-10340,Kavya Shukla,iganesan@example.com,+911383029120,Dubai,2025-02-05
CUST-10341,Faraj Mander,daminibatta@example.org,+917867387337,Abu Dhabi,2024-02-22
CUST-10342,Lila Sem,gmodi@example.net,4093541390,Dubai,2025-08-21
CUST-10343,Indira Memon,kritikaben@example.com,+913592402562,Abu Dhabi,2024-11-20
CUST-10344,Manbir Magar,ghoshveer@example.com,9005624398,Abu Dhabi,2024-09-15
CUST-10345,Falguni Goswami,chatreshshenoy@example.net,2082217054,Sharjah,2026-01-07
CUST-10346,Sai Gandhi,yagnesh64@example.com,7113937336,Abu Dhabi,2025-03-01
CUST-10347,Neha Wable,pahuja@example.com,03717562317,Dubai,2024-01-26
CUST-10348,Mohini Yadav,chanchal04@example.net,06548152712,Ajman,2024-10-08
CUST-10349,Gaurika Bhavsar,advik53@example.com,6472920854,Dubai,2024-05-20
CUST-10350,Lekha Chand,duttparth@example.com,6947205570,Abu Dhabi,2025-03-12
CUST-10351,Hemal Ratta,mugdha04@example.net,04286798218,Dubai,2024-09-12
CUST-10352,Dayamai Sandhu,ekaraj22@example.net,+918428859037,Ajman,2026-01-02
CUST-10353,Isaiah Kaur,nairdarpan@example.com,09985797302,Ajman,2024-05-09
CUST-10354,Ekiya Chand,usood@example.net,8956660659,Dubai,2024-11-15
CUST-10355,Baghyawati Sunder,warjaspant@example.org,2718230433,Abu Dhabi,2025-10-14
CUST-10356,Pallavi Warrior,yatan78@example.net,+910931291984,Ajman,2024-07-28
CUST-10357,Geetika Mani,nidra21@example.net,09640377023,Dubai,2024-09-10
CUST-10358,Charles Varkey,butalacharita@example.net,07408288730,Sharjah,2025-06-25
CUST-10359,Zilmil Rajagopalan,hemanginilad@example.net,+916281352928,Dubai,2024-12-04
CUST-10360,Joshua Dugar,dchokshi@example.org,+911447434080,Ajman,2025-03-04
CUST-10361,Oviya Barad,qpanchal@example.com,+914934737755,Sharjah,2025-08-30
CUST-10362,Sara Lala,raoyagnesh@example.org,05033988719,Ajman,2024-04-19
CUST-10363,Janaki Kohli,madanlibni@example.com,+910315440151,Dubai,2024-11-06
CUST-10364,Yashvi Loyal,misrarachita@example.net,8986900728,Ajman,2024-04-01
CUST-10365,Yamini Shan,chaayachandra@example.net,+910527248303,Ajman,2025-11-01
CUST-10366,Rajeshri Oak,tamanna49@example.org,07300494385,Abu Dhabi,2024-11-30
CUST-10367,Falan Sharaf,nagarekantika@example.net,5796786519,Sharjah,2025-04-24
CUST-10368,Guneet Handa,wbhavsar@example.org,5241479602,Abu Dhabi,2025-12-02
CUST-10369,Avi Bali,bawarohan@example.net,08923577095,Abu Dhabi,2025-07-14
CUST-10370,Avni Raghavan,geetikaramesh@example.com,08702711132,Abu Dhabi,2024-12-19
CUST-10371,Balhaar Zacharia,odikakalla@example.org,06580748258,Sharjah,2025-10-22
CUST-10372,Triya Dass,jananisastry@example.org,+914432494721,Abu Dhabi,2024-02-22
CUST-10373,Bhavini Naik,ekarajbhardwaj@example.net,05009254304,Ajman,2025-10-10
CUST-10374,Indrajit Sekhon,opalla@example.com,00868789363,Sharjah,2024-02-14
CUST-10375,Deepa Roy,sbala@example.net,+919286871063,Ajman,2025-03-12
CUST-10376,Unnati Padmanabhan,azaannanda@example.net,+917458425682,Abu Dhabi,2025-02-21
CUST-10377,Lakshmi Khosla,goyalmason@example.net,03667709545,Dubai,2025-05-19
CUST-10378,Ijaya Pandya,vihaankeer@example.org,+914537028793,Ajman,2025-05-28
CUST-10379,Kamya Khanna,onigopal@example.com,+911718125893,Dubai,2024-10-04
CUST-10380,Jhalak Pingle,champakshukla@example.net,+912474149696,Sharjah,2024-01-31
CUST-10381,Fiyaz Mutti,fdhawan@example.com,01703297798,Ajman,2024-07-05
CUST-10382,Anay Dugar,pahalbarman@example.org,+916533465404,Abu Dhabi,2024-02-22
CUST-10383,Netra Doctor,vvarma@example.com,6387228986,Ajman,2024-08-29
CUST-10384,Rayaan Ganesan,ogrewal@example.com,+912363905918,Ajman,2024-11-13
CUST-10385,Daniel Bhakta,bachittarsethi@example.net,+914922468098,Dubai,2024-12-22
CUST-10386,Anjali Narasimhan,waliachakradev@example.net,2168329331,Abu Dhabi,2025-04-28
CUST-10387,Girik Kapur,yauvani80@example.org,4383885081,Abu Dhabi,2024-01-21
CUST-10388,Wazir Wason,kamya00@example.net,4555033260,Sharjah,2024-03-04
CUST-10389,Jeet Jaggi,nakulbora@example.net,+918377745831,Abu Dhabi,2024-08-21
CUST-10390,Krisha Seth,charanchandra@example.net,+911185329326,Abu Dhabi,2024-11-28
CUST-10391,Meghana Chander,rajanekavir@example.org,2753896299,Sharjah,2025-06-09
CUST-10392,Benjamin Bakshi,urvi02@example.com,04809445434,Sharjah,2024-04-16
CUST-10393,Dhruv Lall,spatla@example.com,2109859176,Sharjah,2025-02-09
CUST-10394,Ira Khatri,ramanyug@example.com,3883304920,Ajman,2024-04-20
CUST-10395,Hitesh Chokshi,aradhana19@example.net,02100744929,Abu Dhabi,2025-08-19
CUST-10396,Isaiah Barad,madanyug@example.net,03007967014,Ajman,2025-05-04
CUST-10397,Vasatika Chandra,maanav20@example.org,+919986321048,Dubai,2025-06-13
CUST-10398,Jai Dey,samuelkant@example.org,00658804194,Dubai,2025-08-06
CUST-10399,Ojasvi Acharya,falanghosh@example.net,05686057926,Dubai,2025-02-04
CUST-10400,Robert Wable,lokeyachana@example.org,04132533163,Dubai,2024-03-31
CUST-10401,Bhanumati Banik,lakshdani@example.net,1668671851,Sharjah,2025-06-13
CUST-10402,Advay Pandya,owentiwari@example.com,+911303440018,Sharjah,2025-09-03
CUST-10403,Aarini Majumdar,viraj39@example.org,9269538628,Dubai,2024-08-16
CUST-10404,Farhan Narayanan,prashadridhi@example.com,3586966887,Sharjah,2024-06-18
CUST-10405,Oliver Shan,utkarshdas@example.org,+910392405368,Ajman,2024-01-13
CUST-10406,Saumya Dasgupta,qdoctor@example.org,+919933188669,Sharjah,2024-11-14
CUST-10407,Mahika Parmer,swamyzaid@example.com,+911876942030,Dubai,2025-09-17
CUST-10408,Vedika Dugar,joshifiyaz@example.net,00323332122,Abu Dhabi,2025-09-19
CUST-10409,Idika Char,vasatikadeshmukh@example.org,7916222975,Ajman,2025-07-26
CUST-10410,Balendra Bahri,michaelbhalla@example.com,04082893745,Ajman,2025-09-25
CUST-10411,Wyatt Krishnamurthy,kurianjeremiah@example.org,6311283066,Abu Dhabi,2024-01-18
CUST-10412,Rohan Chopra,guhalaban@example.org,8205444058,Abu Dhabi,2025-12-23
CUST-10413,Tamanna Kota,lajitadara@example.org,+917380239693,Sharjah,2025-09-11
CUST-10414,Rohan Bali,qnarain@example.com,4996729103,Abu Dhabi,2024-02-17
CUST-10415,Rajata Karnik,ravivedant@example.net,+917060852720,Ajman,2025-09-14
CUST-10416,Anika Agarwal,advikaparekh@example.com,+913178856372,Sharjah,2025-01-19
CUST-10417,Prisha Sem,fitanmistry@example.org,01725366923,Ajman,2024-07-19
CUST-10418,Krisha Trivedi,balhaar43@example.org,01649581221,Abu Dhabi,2024-12-14
CUST-10419,Divya Gaba,vsandal@example.com,07838603951,Ajman,2024-08-01
CUST-10420,Aadhya Kumar,munshivrinda@example.com,+910294565044,Ajman,2025-08-04
CUST-10421,Qasim Lala,nimrat52@example.org,06466766728,Sharjah,2025-07-14
CUST-10422,Warinder Ramanathan,daksheshseth@example.org,+913548717352,Dubai,2024-08-13
CUST-10423,Dominic Kunda,ahujadayamai@example.net,6525757937,Dubai,2024-11-28
CUST-10424,Simon Bahri,vansha92@example.com,08415121219,Ajman,2024-12-17
CUST-10425,Vedika Doshi,tom@example.net,0634611740,Ajman,2024-09-14
CUST-10426,Chasmum Nair,pgoel@example.net,04201843024,Sharjah,2025-12-29
CUST-10427,Jai Warrior,deeparao@example.net,0367623198,Sharjah,2025-03-04
CUST-10428,Ojasvi Parsa,qkapur@example.org,7734791902,Abu Dhabi,2024-09-28
CUST-10429,Chameli Sant,william65@example.com,+912961719953,Abu Dhabi,2025-02-23
CUST-10430,Eesha Badal,chawlachanakya@example.com,00840711526,Sharjah,2025-04-16
CUST-10431,Pratyush Mukhopadhyay,csharma@example.net,6666249788,Sharjah,2025-12-25
CUST-10432,Chaitaly Sood,evarty@example.com,+911998080769,Dubai,2025-12-20
CUST-10433,Laksh Sachar,quincyiyengar@example.net,3251194157,Ajman,2025-09-22
CUST-10434,Bakhshi Date,uyadav@example.com,3134580803,Ajman,2025-06-22
CUST-10435,Nitara Basu,dorafitan@example.org,09727829810,Abu Dhabi,2024-02-25
CUST-10436,Kalpit Tella,david35@example.com,00038507527,Abu Dhabi,2024-12-15
CUST-10437,Mason Bansal,saksham61@example.com,9241160279,Sharjah,2025-09-26
CUST-10438,Gagan Sampath,shauryasibal@example.org,1784314223,Abu Dhabi,2025-04-05
CUST-10439,Yoshita Sankar,vasanasarin@example.net,08461609861,Ajman,2024-08-31
CUST-10440,Jagrati Kulkarni,omidika@example.org,09428993118,Ajman,2024-06-01
CUST-10441,Noah Tella,msetty@example.com,07779901905,Abu Dhabi,2025-03-22
CUST-10442,Mugdha Chand,gopalagarwal@example.org,1895004862,Dubai,2024-10-30
CUST-10443,David Koshy,gokhalevrinda@example.org,4187022054,Sharjah,2024-11-20
CUST-10444,Advay Hans,rajanchasmum@example.org,+915023126760,Abu Dhabi,2024-02-27
CUST-10445,Riya Wagle,aadisaraf@example.org,4379795553,Ajman,2025-12-01
CUST-10446,Guneet Bora,osankaran@example.net,4576073988,Ajman,2025-05-17
CUST-10447,Chameli Wali,racharya@example.org,8913683893,Ajman,2024-11-08
CUST-10448,Bimala Sankar,mangalharrison@example.org,2315735247,Sharjah,2024-07-22
CUST-10449,Shivansh Memon,gavindara@example.com,7800788089,Dubai,2025-02-16
CUST-10450,Radhika Mital,gahuja@example.net,+913635866626,Sharjah,2024-01-11
CUST-10451,Pratyush Sura,lucky31@example.net,03056429009,Sharjah,2025-11-04
CUST-10452,Ekaja Talwar,ddube@example.org,+910989677569,Abu Dhabi,2024-03-11
CUST-10453,Veer Chatterjee,ekiyabandi@example.net,04395745916,Ajman,2025-06-21
CUST-10454,Logan Nori,meghanavora@example.net,05065837238,Dubai,2025-04-03
CUST-10455,Onkar Butala,rishi50@example.net,5743244340,Sharjah,2024-04-26
CUST-10456,Tripti Nagi,wwali@example.com,04652023832,Abu Dhabi,2025-03-29
CUST-10457,Dayamai Dass,ecomar@example.org,04681107256,Sharjah,2024-11-10
CUST-10458,Yashica Baral,hwalla@example.net,+910493951568,Ajman,2025-11-10
CUST-10459,Vivaan Issac,blad@example.com,+912469815946,Ajman,2024-06-01
CUST-10460,Bahadurjit Bal,banjeet80@example.org,1060239993,Dubai,2025-11-18
CUST-10461,Nirja Vasa,yaminirajan@example.net,+912301234066,Ajman,2025-07-29
CUST-10462,Maanav Parmar,chakradharpathak@example.org,+911369779758,Ajman,2025-07-09
CUST-10463,Ira Apte,settysudiksha@example.com,09149550113,Abu Dhabi,2025-05-06
CUST-10464,Oliver Kumar,anshrajagopalan@example.net,07318881013,Sharjah,2024-04-12
CUST-10465,Utkarsh Banerjee,hitesh29@example.com,3388597713,Dubai,2024-10-29
CUST-10466,Dayita Mand,wkar@example.com,0575552640,Ajman,2025-01-25
CUST-10467,Mohini Mishra,karyadavi@example.com,01924779542,Sharjah,2024-11-14
CUST-10468,Wyatt More,chanayoshita@example.com,05374916027,Abu Dhabi,2025-04-24
CUST-10469,Tamanna Datta,vivaantalwar@example.net,06840201635,Dubai,2025-12-05
CUST-10470,Aradhana Hayer,ooommen@example.com,1412127351,Abu Dhabi,2024-12-03
CUST-10471,Gunbir Mangal,onadkarni@example.org,0194204305,Abu Dhabi,2024-10-09
CUST-10472,Wakeeta Dash,anthony08@example.org,03777835582,Dubai,2026-01-01
CUST-10473,Yuvraj Pal,yochanaswaminathan@example.net,1620522721,Abu Dhabi,2025-04-29
CUST-10474,Hemani Sundaram,aishani15@example.com,4544020804,Dubai,2025-03-25
CUST-10475,Andrew Gala,vedant74@example.net,03695842210,Ajman,2024-02-08
CUST-10476,Waida Sant,chakradhar15@example.com,+913294135632,Dubai,2025-10-13
CUST-10477,Nilima Talwar,vincentrajan@example.com,+910621409236,Abu Dhabi,2025-08-25
CUST-10478,Raghav Kar,fjha@example.org,9315015316,Sharjah,2024-08-15
CUST-10479,Azad Sarna,anusha36@example.org,01902094318,Ajman,2025-02-05
CUST-10480,Faraj Ahluwalia,shankaronveer@example.org,00907699113,Sharjah,2025-03-25
CUST-10481,Peter Sarna,manivasana@example.net,03254264915,Dubai,2024-02-06
CUST-10482,Harini Sankar,ogala@example.net,0462408836,Dubai,2024-02-29
CUST-10483,Neha Varughese,vasagautam@example.net,6219685515,Ajman,2025-08-02
CUST-10484,Samesh Bahri,pauzashil@example.org,+911061852443,Dubai,2024-09-06
CUST-10485,Isha Minhas,royranbir@example.org,04039927420,Sharjah,2024-05-01
CUST-10486,Leela Pillai,gunbir21@example.net,+916397066992,Sharjah,2024-12-08
CUST-10487,Tamanna Dhillon,pallakiaan@example.org,+914844198142,Sharjah,2025-06-27
CUST-10488,Luke Cheema,ekta36@example.net,2872510660,Ajman,2025-01-27
CUST-10489,Baljiwan Mukherjee,kantjackson@example.net,+917112914667,Dubai,2025-05-18
CUST-10490,Aarini Thakur,kiaan01@example.com,+916917411860,Abu Dhabi,2025-02-10
CUST-10491,Charan Chandra,osha22@example.net,04859190739,Abu Dhabi,2024-04-14
CUST-10492,Manya Mohanty,yatin52@example.org,1145220259,Abu Dhabi,2025-07-03
CUST-10493,Anjali Pradhan,vedhikabala@example.net,8396992827,Sharjah,2025-08-07
CUST-10494,Ethan Mitter,nidra69@example.org,+916764368385,Ajman,2025-01-18
CUST-10495,Harish Prakash,imaran54@example.com,06340560357,Dubai,2024-06-11
CUST-10496,Udyati Lanka,asharaf@example.com,09988459909,Sharjah,2024-04-08
CUST-10497,Ikshita Balan,vyasayush@example.com,+910816925200,Abu Dhabi,2024-11-08
CUST-10498,Urmi Ganguly,pallavi22@example.com,8271618783,Dubai,2025-04-02
CUST-10499,Mason Balasubramanian,meghabadal@example.net,+911001196765,Ajman,2025-12-23
